country,population,region,rank
India,1428600000,Central Asia,1
China,1425700000,East Asia,2
United States,340000000,Central & N. America,3
Indonesia,277500000,East Asia,4
Pakistan,240500000,Central Asia,5
Nigeria,223800000,Africa,6
Brazil,216400000,S. America,7
Bangladesh,173000000,Central Asia,8
Russia,144400000,Europe,9
Mexico,128500000,Central & N. America,10
Ethiopia,126500000,Africa,11
Japan,123300000,East Asia,12
Philippines,117300000,East Asia,13
Egypt,112700000,Middle East,14
DR Congo,102300000,Africa,15
Vietnam,98900000,East Asia,16
Iran,89200000,Middle East,17
Turkey,85800000,Middle East,18
Germany,83300000,Europe,19
Thailand,71800000,East Asia,20
United Kingdom,67700000,Europe,21
Tanzania,67400000,Africa,22
France,64800000,Europe,23
South Africa,60400000,Africa,24
Italy,58900000,Europe,25
Kenya,55100000,Africa,26
Myanmar,54600000,East Asia,27
Colombia,52100000,S. America,28
South Korea,51800000,East Asia,29
Uganda,48600000,Africa,30
Sudan,48100000,Africa,31
Spain,47500000,Europe,32
Argentina,45800000,S. America,33
Algeria,45600000,Africa,34
Iraq,45500000,Middle East,35
Afghanistan,42200000,Central Asia,36
Poland,41000000,Europe,37
Canada,38800000,Central & N. America,38
Morocco,37800000,Africa,39
Saudi Arabia,36900000,Middle East,40
Angola,36700000,Africa,41
Ukraine,36700000,Europe,42
Uzbekistan,35200000,Central Asia,43
Peru,34400000,S. America,44
Yemen,34400000,Middle East,45
Malaysia,34300000,East Asia,46
Ghana,34100000,Africa,47
Mozambique,33900000,Africa,48
Nepal,30900000,Central Asia,49
Madagascar,30300000,Africa,50
Côte d'Ivoire,28900000,Africa,51
Venezuela,28800000,S. America,52
Cameroon,28600000,Africa,53
Niger,27200000,Africa,54
Australia,26400000,Oceania,55
North Korea,26200000,East Asia,56
Burkina Faso,23300000,Africa,57
Mali,23300000,Africa,58
Syria,23200000,Middle East,59
Sri Lanka,21900000,Central Asia,60
Malawi,20900000,Africa,61
Zambia,20600000,Africa,62
